"Type","SKU","Name","Published","Is featured?","Visibility in catalog","Short description","Description","Tax status","In stock?","Stock","Categories","Images","Upsells","Cross-sells","Attribute 1 name","Attribute 1 value(s)","Attribute 1 visible","Attribute 1 global","Attribute 2 name","Attribute 2 value(s)","Attribute 2 visible","Attribute 2 global","Attribute 3 name","Attribute 3 value(s)","Attribute 3 visible","Attribute 3 global","Attribute 4 name","Attribute 4 value(s)","Attribute 4 visible","Attribute 4 global","Attribute 5 name","Attribute 5 value(s)","Attribute 5 visible","Attribute 5 global","Attribute 6 name","Attribute 6 value(s)","Attribute 6 visible","Attribute 6 global","Attribute 7 name","Attribute 7 value(s)","Attribute 7 visible","Attribute 7 global","Attribute 8 name","Attribute 8 value(s)","Attribute 8 value(s)","Attribute 8 visible","Attribute 8 global","Attribute 9 name","Attribute 9 value(s)","Attribute 9 visible","Attribute 9 global","Attribute 10 name","Attribute 10 value(s)","Attribute 10 visible","Attribute 10 global","Attribute 11 name","Attribute 11 value(s)","Attribute 11 visible","Attribute 11 global","Sale price","Regular price"
"Simple","RN00018","Yellow Gold Onyx Oval Ring for Men",1,,"visible","18k Yellow Gold Onyx Oval Ring for Men","<li>18k yellow gold with round brilliant onyx</li>\n  <li>Size 62</li>\n <li>Gram total weight 6.81</li>\n</ul>","taxable",1,1,"Gold Jewellery, Gold Jewellery > Men, Gold Jewellery > Men > Rings","https://entoun.com/entounstaging/wp-content/uploads/2022/Product1905/A-RN00018.jpg,https://entoun.com/entounstaging/wp-content/uploads/2022/Product1905/B-RN00018.jpg,https://entoun.com/entounstaging/wp-content/uploads/2022/Product1905/C-RN00018.jpg,",,,"Gold Type","Yellow Gold",1,1,,,,,"Color","Black",1,1,"Shape","Round",1,1,,,,,"Gold Purity","18K",1,1,,,,,"Size",,"59 MM 60 MM 61 MM 62 MM 63 MM 64 MM 65 MM",1,1,"Gold Weight  (g)",6.81,1,1,,,,,,,,,,"2,002"
"Simple","RN00028","Yellow Gold Onyx Line Ring for Men",1,,"visible","18k Yellow Gold Onyx Line Ring for Men"," <li>18k yellow gold with  squre face brilliant onyx</li>\n  <li>Size 62</li>\n  <li>Gram total weight 7.75</li>\n</ul>","taxable",1,1,"Gold Jewellery, Gold Jewellery > Men, Gold Jewellery > Men > Rings","https://entoun.com/entounstaging/wp-content/uploads/2022/Product1905/A-RN00028.jpg,https://entoun.com/entounstaging/wp-content/uploads/2022/Product1905/B-RN00028.jpg,https://entoun.com/entounstaging/wp-content/uploads/2022/Product1905/C-RN00028.jpg,https://entoun.com/entounstaging/wp-content/uploads/2022/Product1905/D-RN00028.jpg",,,"Gold Type","Yellow Gold",1,1,,,,,"Color","Black",1,1,"Shape","Line",1,1,,,,,"Gold Purity","18K",1,1,,,,,"Size",,"59 MM 60 MM 61 MM 62 MM 63 MM 64 MM 65 MM",1,1,"Gold Weight  (g)",7.75,1,1,,,,,,,,,,"2,279"
"Simple","RN00026","Yellow Gold Dollar Sign Ring For Men",1,,"visible","18k yellow Gold Big Dollar Sign Gold Ring for Men"," <li>18k yellow gold with BIG Dollar Sign </li>\n  <li>Size 65</li>\n  <li>Gold Gram total weight 14.43</li>\n</ul>","taxable",1,1,"Gold Jewellery, Gold Jewellery > Men, Gold Jewellery > Men > Rings","https://entoun.com/entounstaging/wp-content/uploads/2022/Product1905/A-RN00026.jpg,https://entoun.com/entounstaging/wp-content/uploads/2022/Product1905/B-RN00026.jpg,https://entoun.com/entounstaging/wp-content/uploads/2022/Product1905/C-RN00026.jpg",,,"Gold Type","Yellow Gold",1,1,,,,,,,,,"Shape","Dollar",1,1,,,,,"Gold Purity","18K",1,1,,,,,"Size",,"62 MM 63 MM 64 MM 65 MM 66 MM 67 MM 68 MM",1,1,"Gold Weight  (g)",14.43,1,1,,,,,,,,,,"4,242"
"Simple","PN00006","Yellow Gold Engraved Pendant Mother Marry UNISEX",1,,"visible","18k yellow Gold Engraved Mother Marry Gold Necklace Pendant"," <li>18k yellow gold engraved mother marry pendant for chain and necklace</li>\n  <li>Size 30*30mm</li>\n  <li>Gram total weight 5.80</li>\n</ul>","taxable",1,1,"Gold Jewellery, Gold Jewellery > Men, Gold Jewellery > Men > Pendants, Gold Jewellery, Gold Jewellery > Women, Gold Jewellery > Women > Pendants","https://entoun.com/entounstaging/wp-content/uploads/2022/Product1905/A-PN00006.jpg,https://entoun.com/entounstaging/wp-content/uploads/2022/Product1905/B-PN00006.jpg,https://entoun.com/entounstaging/wp-content/uploads/2022/Product1905/C-PN00006.jpg",,,"Gold Type","Yellow Gold",1,1,,,,,,,,,,,,,"Engraving","Mother Marry ",1,1,"Gold Purity","18K",1,1,,,,,"Size",,"30*30 MM",1,1,"Gold Weight  (g)",5.8,1,1,,,,,,,,,,"1,705"
"Simple","PN00009","Yellow Gold Engraved Arabic Religius Pendant UNISEX",1,,"visible","18k yellow Gold Vintage Allah Muslim Islam Ayatul Kursi Arabic Necklace Pendant Islamic Quran Arab Religious Jewellery"," <li>18k yellow gold engraved pendant for chain and necklace </li>\n  <li>Size 30*30mm</li>\n  <li>Gram total weight 5.55</li>\n</ul>","taxable",1,1,"Gold Jewellery, Gold Jewellery > Men, Gold Jewellery > Men > Pendants, Gold Jewellery, Gold Jewellery > Women, Gold Jewellery > Women > Pendants","https://entoun.com/entounstaging/wp-content/uploads/2022/Product1905/A-PN00009.jpg,https://entoun.com/entounstaging/wp-content/uploads/2022/Product1905/B-PN00009.jpg",,,"Gold Type","Yellow Gold",1,1,,,,,,,,,,,,,"Engraving","Arabic Religius ",1,1,"Gold Purity","18K",1,1,,,,,"Size",,"30*30 MM",1,1,"Gold Weight  (g)",5.55,1,1,,,,,,,,,,"1,632"
"Simple","DR00210","Rose Gold Diamond Ring with Sapphire for Women",1,,"visible","Intricately designed in 18k Rose gold, this contemporary ring design features a perfect color stone and round  diamonds ."," <li>18k rose gold with round brilliant diamonds</li>\n  <li>Size54 </li>\n</li>\n  <li>DiamondCarat 0.30 Other stone 3.30ct Gold total weight 6.53</li>\n</ul>","taxable",1,1,"Diamond Jewellery, Diamond Jewellery > Women, Diamond Jewellery > Women > Rings","https://entoun.com/entounstaging/wp-content/uploads/2022/Product1905/A-DR00210.jpg,https://entoun.com/entounstaging/wp-content/uploads/2022/Product1905/B-DR00210.jpg,https://entoun.com/entounstaging/wp-content/uploads/2022/Product1905/C-DR00210.jpg,https://entoun.com/entounstaging/wp-content/uploads/2022/Product1905/D-DR00210.jpg,https://entoun.com/entounstaging/wp-content/uploads/2022/Product1905/E-DR00210.jpg,https://entoun.com/entounstaging/wp-content/uploads/2022/Product1905/F-DR00210.jpg",,,"Gold Type","Rose Gold",1,1,"Diamond Cut/Clearity","vs-si clearity H diamond",1,1,,,,,"Shape","Full Face Stone",1,1,,,,,"Gold Purity","18K",1,1,"Stone","Color Stone",1,1,"Size",,"51 MM 52 MM 53 MM 54 MM 55 MM 56 MM 57 MM",1,1,"Gold Weight  (g)",6.53,1,1,"Diamond Carat (Cts)",0.3,1,1,"Sapphire (Cts)",3.3,1,1,"6,934","7,704"
"Simple","DR00208","Rose Gold Diamond Saphhire Twirling Ring for Women",1,,"visible","Intricately designed in 18k Rose gold, this contemporary ring design features a perfect color stone and round  diamonds ."," <li>18k rose gold with round brilliant diamonds</li>\n  <li>Size54</li>\n</li>\n  <li>DiamondCarat 0.63 Other stone 1.41ct Gold total weight 8.59</li>\n</ul>","taxable",1,1,"Diamond Jewellery, Diamond Jewellery > Women, Diamond Jewellery > Women > Rings","https://entoun.com/entounstaging/wp-content/uploads/2022/Product1905/A-DR00208.jpg,https://entoun.com/entounstaging/wp-content/uploads/2022/Product1905/B-DR00208.jpg",,,"Gold Type","Rose Gold",1,1,"Diamond Cut/Clearity","vs-si clearity H diamond",1,1,,,,,"Shape","Twirling ",1,1,,,,,"Gold Purity","18K",1,1,"Stone","Color Stone",1,1,"Size",,"51 MM 52 MM 53 MM 54 MM 55 MM 56 MM 57 MM",1,1,"Gold Weight  (g)",8.59,1,1,"Diamond Carat (Cts)",0.63,1,1,"Sapphire (Cts)",1.41,1,1,"8,399","9,332"
"Simple","PN00020","Yellow Gold Engraved Dollar Sign Pendant UNISEX",1,,"visible","18k yellow Gold Engraved dollar sign pendant for chain necklace"," <li>18k yellow gold engraved pendant </li>\n  <li>Size 50*50mm</li>\n  <li>Gram total weight 14.03</li>\n</ul>","taxable",1,1,"Gold Jewellery, Gold Jewellery > Men, Gold Jewellery > Men > Pendants, Gold Jewellery, Gold Jewellery > Women, Gold Jewellery > Women > Pendants","https://entoun.com/entounstaging/wp-content/uploads/2022/Product1905/A-PN00020.jpg,https://entoun.com/entounstaging/wp-content/uploads/2022/Product1905/B-PN00020.jpg",,,"Gold Type","Yellow Gold",1,1,,,,,,,,,,,,,"Engraving","Dollar Sign ",1,1,"Gold Purity","18K",1,1,,,,,"Size",,"50*50 MM",1,1,"Gold Weight  (g)",14.03,1,1,,,,,,,,,,"4,125"
"Simple","DR00175","Yellow Gold Super luxury Diamond Ring for Men",1,,"visible","18kt yellow Gold Super luxury Half round Diamond Ring"," <li>18k yellow gold with half round brilliant diamond </li>\n  <li>Size63</li>\n  <li>Diamond 3.12 carrat Gold Gram total weight 12.02</li>\n</ul>","taxable",1,1,"Diamond Jewellery, Diamond Jewellery > Men, Diamond Jewellery > Men > Rings","https://entoun.com/entounstaging/wp-content/uploads/2022/Product1905/A-DR00175.jpg,https://entoun.com/entounstaging/wp-content/uploads/2022/Product1905/B-DR00175.jpg,https://entoun.com/entounstaging/wp-content/uploads/2022/Product1905/C-DR00175.jpg,https://entoun.com/entounstaging/wp-content/uploads/2022/Product1905/D-DR00175.jpg,https://entoun.com/entounstaging/wp-content/uploads/2022/Product1905/E-DR00175.jpg",,,"Gold Type","Yellow Gold",1,1,"Diamond Cut/Clearity","vs-si clearity H diamond",1,1,,,,,"Shape","Full Face Diamond",1,1,,,,,"Gold Purity","18K",1,1,,,,,"Size",,"60 MM 61 MM 62 MM 63 MM 64 MM 65 MM 66 MM",1,1,"Gold Weight  (g)",12.02,1,1,"Diamond Carat (Cts)",3.12,1,1,,,,,"15,855","17,616"
"Simple","DR00179","Yellow Gold Channel setting Diamond Ring for Women",1,,"visible","18kt yellow Gold  channel setting round diamond ring"," <li>18k yellow gold with  brilliant diamond </li>\n  <li>Size55</li>\n  <li>Diamond 3.12 carrat Gold Gram total weight 12.02</li>\n</ul>","taxable",1,1,"Diamond Jewellery, Diamond Jewellery > Women, Diamond Jewellery > Women > Rings","https://entoun.com/entounstaging/wp-content/uploads/2022/Product1905/A-DR00179.jpg,https://entoun.com/entounstaging/wp-content/uploads/2022/Product1905/B-DR00179.jpg,https://entoun.com/entounstaging/wp-content/uploads/2022/Product1905/C-DR00179.jpg,https://entoun.com/entounstaging/wp-content/uploads/2022/Product1905/D-DR00179.jpg",,,"Gold Type","Yellow Gold",1,1,"Diamond Cut/Clearity","vs-si clearity H diamond",1,1,,,,,,,,,,,,,"Gold Purity","18K",1,1,,,,,"Size",,"52 MM 53 MM 54 MM 55 MM 56 MM 57 MM 58 MM",1,1,"Gold Weight  (g)",3.16,1,1,"Diamond Carat (Cts)",0.81,1,1,,,,,"5,091","5,657"
"Simple","DR00181","White Gold Diamond Wedding-Engagement Ring for Men",1,,"visible","18 K WHITE  Gold Diamond Wedding Engagement Ring for Men  "," <li>18k white gold wedding engagement diamond ring for men </li>\n  <li>Size 62</li>\n  <li>Diamond 1.86 carrat ,Gold Gram total weight 10.59</li>\n</ul>","taxable",1,1,"Diamond Jewellery, Diamond Jewellery > Men, Diamond Jewellery > Men > Rings","https://entoun.com/entounstaging/wp-content/uploads/2022/Product1905/A-DR00181.jpg,https://entoun.com/entounstaging/wp-content/uploads/2022/Product1905/B-DR00181.jpg,",,,"Gold Type","White Gold",1,1,"Diamond Cut/Clearity","vs-si clearity H diamond",1,1,,,,,,,,,,,,,"Gold Purity","18K",1,1,,,,,"Size",,"59 MM 60 MM 61 MM 62 MM 63 MM 64 MM 65 MM",1,1,"Gold Weight  (g)",10.59,1,1,"Diamond Carat (Cts)",1.86,1,1,,,,,"11,425","12,695"
"Simple","DR00177","Yellow Gold Pear Shape Diamond Ring for Women",1,,"visible","18kt yellow Gold diamond pear shape ring for women"," <li>18k yellow gold with  pear shape diamond ring  </li>\n  <li>Size54 </li>\n  <li>Diamond 0.73 carrat Gold Gram total weight 3.27</li>\n</ul>","taxable",1,1,"Diamond Jewellery, Diamond Jewellery > Women, Diamond Jewellery > Women > Rings","https://entoun.com/entounstaging/wp-content/uploads/2022/Product1905/A-DR00177.jpg,https://entoun.com/entounstaging/wp-content/uploads/2022/Product1905/B-DR00177.jpg,",,,"Gold Type","Yellow Gold",1,1,"Diamond Cut/Clearity","vs-si clearity H diamond",1,1,,,,,"Shape","Pear Shape",1,1,,,,,"Gold Purity","18K",1,1,,,,,"Size",,"51 MM 52 MM 53 MM 54 MM 55 MM 56 MM 57 MM",1,1,"Gold Weight  (g)",3.27,1,1,"Diamond Carat (Cts)",0.73,1,1,,,,,"4,201","4,667"
"Simple","DE00169","Yellow Gold Pear Shape Diamond Earring",1,,"visible","18kt yellow Gold diamond pear shape Earring"," <li>18k yellow gold  pear shape diamond Earring  </li>\n  <li>Size Medium </li>\n  <li>Diamond 1.19 carrat Gold Gram total weight 4.01</li>\n</ul>","taxable",1,1,"Diamond Jewellery, Diamond Jewellery > Women, Diamond Jewellery > Women > Earrings","https://entoun.com/entounstaging/wp-content/uploads/2022/Product1905/A-DE00169.jpg,https://entoun.com/entounstaging/wp-content/uploads/2022/Product1905/B-DE00169.jpg,https://entoun.com/entounstaging/wp-content/uploads/2022/Product1905/C-DE00169.jpg",,,"Gold Type","Yellow Gold",1,1,"Diamond Cut/Clearity","vs-si clearity H diamond",1,1,,,,,"Shape","Pear Shape",1,1,,,,,"Gold Purity","18K",1,1,,,,,"Size",,"Mini Medium Large",1,1,"Gold Weight  (g)",4.01,1,1,"Diamond Carat (Cts)",1.19,1,1,,,,,"6,275","6,972"
"Simple","DE00141","White Gold Oval Pave Shape Diamond Hoop  Earring",1,,"visible","A delicate 18k White Gold Oval Pave Shape Diamond Eaaring for women"," <li>18k white gold with  oval pave diamond hoop Earring  </li>\n  <li>Medium </li>\n  <li>Diamond 1.81 carrat Gold Gram total weight 8.46</li>\n</ul>","taxable",1,1,"Diamond Jewellery, Diamond Jewellery > Women, Diamond Jewellery > Women > Earrings","https://entoun.com/entounstaging/wp-content/uploads/2022/Product1905/A-DE00141.jpg,https://entoun.com/entounstaging/wp-content/uploads/2022/Product1905/B-DE00141.jpg",,,"Gold Type","White Gold",1,1,"Diamond Cut/Clearity","vs-si clearity H diamond",1,1,,,,,"Shape","Oval Shape",1,1,,,,,"Gold Purity","18K",1,1,,,,,"Size",,"Mini Medium Large",1,1,"Gold Weight  (g)",8.46,1,1,"Diamond Carat (Cts)",1.81,1,1,,,,,"10,265","11,406"
"Simple","DB00017","White Gold Triple Row Diamond Bracelet for Women",1,,"visible","18k White Gold Diamond Bracelet for Woman"," <li>18k white gold TRIPLE ROW DIAMOND BRACELET FOR WOMEN </li>\n  <li>Size18 </li>\n  <li>Diamond 5.05 carrat Gold Gram total weight 22.83</li>\n</ul>","taxable",1,1,"Diamond Jewellery, Diamond Jewellery > Women, Diamond Jewellery > Women > Bracelet","https://entoun.com/entounstaging/wp-content/uploads/2022/Product1905/A-DB00017.jpg",,,"Gold Type","White Gold",1,1,"Diamond Cut/Clearity","vs-si clearity H diamond",1,1,,,,,"Shape","Diamond Link",1,1,,,,,"Gold Purity","18K",1,1,,,,,"Size",,"16 CM 17 CM 18 CM",1,1,"Gold Weight  (g)",22.83,1,1,"Diamond Carat (Cts)",5.05,1,1,,,,,"28,026","31,140"
"Simple","DP00157","White Gold Diamond Pendant for women",1,,"visible","18 KT White Gold Diamond Pendant  for Women"," <li>18k white gold Diamond pendant for women  </li>\n  <li>size m</li>\n  <li>Diamond 5.05 carrat Gold Gram total weight 22.83</li>\n</ul>","taxable",1,1,"Diamond Jewellery, Diamond Jewellery > Women, Diamond Jewellery > Women > Pendants","https://entoun.com/entounstaging/wp-content/uploads/2022/Product1905/A-DP00157.jpg",,,"Gold Type","White Gold",1,1,"Diamond Cut/Clearity","vs-si clearity H diamond",1,1,,,,,,,,,,,,,"Gold Purity","18K",1,1,,,,,"Size",,"Mini Medium Large",1,1,"Gold Weight  (g)",2.84,1,1,"Diamond Carat (Cts)",0.48,1,1,,,,,"2,830","3,144"
"Simple","DE00172","White Gold Triple Row Diamond Earring",1,,"visible","18 KT White Gold Triple Row  Brilliant Diamond Earring"," <li>18k white gold TRIPLE ROW DIAMOND EARING FOR WOMEN </li>\n  <li>MEDIUM </li>\n  <li>Diamond 1.45 carrat Gold Gram total weight 6.27</li>\n</ul>","taxable",1,1,"Diamond Jewellery, Diamond Jewellery > Women, Diamond Jewellery > Women > Earrings","https://entoun.com/entounstaging/wp-content/uploads/2022/Product1905/A-DE00172.jpg,https://entoun.com/entounstaging/wp-content/uploads/2022/Product1905/B-DE00172.jpg",,,"Gold Type","White Gold",1,1,"Diamond Cut/Clearity","vs-si clearity H diamond",1,1,,,,,"Shape","Triple Row",1,1,,,,,"Gold Purity","18K",1,1,,,,,"Size",,"Mini Medium Large",1,1,"Gold Weight  (g)",6.27,1,1,"Diamond Carat (Cts)",1.45,1,1,,,,,"8,021","8,912"
"Simple","DE00166","White Gold Big Rectangle Bling Diamond Earring",1,,"visible","18 KT White Gold Big Rectangle Bling Diamond Earring For Women"," <li>18k white gold BIG RECTANGLE DIAMOND EARING FOR WOMEN </li>\n  <li>MEDIUM </li>\n  <li>Diamond 2.92 carrat Gold Gram total weight 3.68</li>\n</ul>","taxable",1,1,"Diamond Jewellery, Diamond Jewellery > Women, Diamond Jewellery > Women > Earrings","https://entoun.com/entounstaging/wp-content/uploads/2022/Product1905/A-DE00166.jpg,https://entoun.com/entounstaging/wp-content/uploads/2022/Product1905/B-DE00166.jpg",,,"Gold Type","White Gold",1,1,"Diamond Cut/Clearity","vs-si clearity H diamond",1,1,,,,,"Shape","Big Shape",1,1,,,,,"Gold Purity","18K",1,1,,,,,"Size",,"Mini Medium Large",1,1,"Gold Weight  (g)",3.68,1,1,"Diamond Carat (Cts)",2.92,1,1,,,,,"14,194","15,771"
"Simple","DP00162","Yellow Gold Triple Row Diamond Pendant for Woman",1,,"visible","18KT Yellow Gold Tripple Row Diamond Pendant"," <li>18k YELLOW gold  TRIPLE ROW DIAMOND PENDANT FOR WOMEN </li>\n  <li>MEDIUM </li>\n  <li>Diamond 0.67 carrat Gold Gram total weight 3.08</li>\n</ul>","taxable",1,1,"Diamond Jewellery, Diamond Jewellery > Women, Diamond Jewellery > Women > Pendants","https://entoun.com/entounstaging/wp-content/uploads/2022/Product1905/A-DP00162.jpg",,,"Gold Type","Yellow Gold",1,1,"Diamond Cut/Clearity","vs-si clearity H diamond",1,1,,,,,"Shape","Triple Row",1,1,,,,,"Gold Purity","18K",1,1,,,,,"Size",,"Mini Medium Large",1,1,"Gold Weight  (g)",3.08,1,1,"Diamond Carat (Cts)",0.67,1,1,,,,,"3,736","4,151"
"Simple","DE00170","Yellow Gold Triple Row Diamond Earring",1,,"visible","18KT Yellow Gold Triple Row Diamond Earring"," <li>18k YELLOW gold  TRIPLE ROW DIAMOND EARING FOR WOMEN </li>\n  <li>MEDIUM </li>\n  <li>Diamond 1.39 carrat Gold Gram total weight 6.20</li>\n</ul>","taxable",1,1,"Diamond Jewellery, Diamond Jewellery > Women, Diamond Jewellery > Women > Earrings","https://entoun.com/entounstaging/wp-content/uploads/2022/Product1905/A-DE00170.jpg,https://entoun.com/entounstaging/wp-content/uploads/2022/Product1905/B-DE00170.jpg",,,"Gold Type","Yellow Gold",1,1,"Diamond Cut/Clearity","vs-si clearity H diamond",1,1,,,,,"Shape","Triple Row",1,1,,,,,"Gold Purity","18K",1,1,,,,,"Size",,"Mini Medium Large",1,1,"Gold Weight  (g)",6.2,1,1,"Diamond Carat (Cts)",1.39,1,1,,,,,"7,808","8,676"
"Simple","DR00182","White Gold Big Rectangle Bling Diamond Ring for Women",1,,"visible","18KT White Gold Big Rectangle Bling Ring for Women"," <li>18k white gold BIG RECTANGLE DIAMOND RING FOR WOMEN </li>\n  <li>53</li>\n  <li>Diamond 1.70 carrat Gold Gram total weight 2.60</li>\n</ul>","taxable",1,1,"Diamond Jewellery, Diamond Jewellery > Women, Diamond Jewellery > Women > Rings","https://entoun.com/entounstaging/wp-content/uploads/2022/Product1905/A-DR00182.jpg,https://entoun.com/entounstaging/wp-content/uploads/2022/Product1905/B-DR00182.jpg,https://entoun.com/entounstaging/wp-content/uploads/2022/Product1905/C-DR00182.jpg,https://entoun.com/entounstaging/wp-content/uploads/2022/Product1905/D-DR00182.jpg",,,"Gold Type","White Gold",1,1,"Diamond Cut/Clearity","vs-si clearity H diamond",1,1,,,,,"Shape","Big Rectangle",1,1,,,,,"Gold Purity","18K",1,1,,,,,"Size",,"50 MM 51 MM 52 MM 53 MM 54 MM 55 MM 56 MM",1,1,"Gold Weight  (g)",2.6,1,1,"Diamond Carat (Cts)",1.7,1,1,,,,,"8,266","9,185"
"Simple","DG00008","Yellow Gold Diamaond Bangle for Women",1,,"visible","18 KT Yellow Gold Diamond Bangle for Women"," <li>18k YELLOW gold  DIAMOND BANGLE FOR WOMEN </li>\n  <li>size 17 </li>\n  <li>Diamond 2.28 carrat Gold Gram total weight 11.56</li>\n</ul>","taxable",1,1,"Diamond Jewellery, Diamond Jewellery > Women, Diamond Jewellery > Women > Bangles","https://entoun.com/entounstaging/wp-content/uploads/2022/Product1905/A-DG00008.jpg,https://entoun.com/entounstaging/wp-content/uploads/2022/Product1905/B-DG00008.jpg",,,"Gold Type","Yellow Gold",1,1,"Diamond Cut/Clearity","vs-si clearity H diamond",1,1,,,,,"Shape","Full Diamond",1,1,,,,,"Gold Purity","18K",1,1,,,,,"Size",,"17 CM",1,1,"Gold Weight  (g)",11.56,1,1,"Diamond Carat (Cts)",2.28,1,1,,,,,"13,797","15,330"
"Simple","BR00122","Yellow Gold Silicon Band Bracelet for Men",1,,"visible","18 KT Yellow Gold Silicon Band Bracelet for Men"," <li>18k Yellow Gold Bracelet For men </li>\n  <li>size19</li>\n  <li> Gold Gram total weight 4.66</li>\n</ul>","taxable",1,1,"Gold Jewellery, Gold Jewellery > Men, Gold Jewellery > Men > Bracelet","https://entoun.com/entounstaging/wp-content/uploads/2022/Product1905/A-BR00122.jpg,https://entoun.com/entounstaging/wp-content/uploads/2022/Product1905/B-BR00122.jpg",,,"Gold Type","Yellow Gold",1,1,,,,,,,,,"Shape","Silicon Band and Plate",1,1,,,,,"Gold Purity","18K",1,1,,,,,"Size",,"21 CM",1,1,"Gold Weight  (g)",4.66,1,1,,,,,,,,,,"1,370"
"Simple","PN00012","Yellow Gold Engraved Bitcoin Gold Necklace Pendant",1,,"visible","Engraved bitcoin Gold Necklace Pendant"," <li>18k yellow gold engraved pendant </li>\n  <li>Size 40*40mm</li>\n  <li>Gram total weight 9.33</li>\n</ul>","taxable",1,1,"Gold Jewellery, Gold Jewellery > Men, Gold Jewellery > Men > Pendants, Gold Jewellery, Gold Jewellery > Women, Gold Jewellery > Women > Pendants","https://entoun.com/entounstaging/wp-content/uploads/2022/Product1905/A-PN00012.jpg,https://entoun.com/entounstaging/wp-content/uploads/2022/Product1905/B-PN00012.jpg",,,"Gold Type","Yellow Gold",1,1,,,,,,,,,,,,,"Engraving","Bitcoin ",1,1,"Gold Purity","18K",1,1,,,,,"Size",,"40*40 MM",1,1,"Gold Weight  (g)",9.33,1,1,,,,,,,,,,"2,743"
"Simple","BR00101","Yellow Gold Bracelet for Men",1,,"visible","18 KT Yellow  Gold Bracelet for Men"," <li>18k yellow gold BRACELET FOR MEN</li>\n  <li>19 CM </li>\n  <li>Gram total weight 11.52 </li>\n</ul>","taxable",1,1,"Gold Jewellery, Gold Jewellery > Men, Gold Jewellery > Men > Bracelet","https://entoun.com/entounstaging/wp-content/uploads/2022/Product1905/A-BR00101.jpg,https://entoun.com/entounstaging/wp-content/uploads/2022/Product1905/B-BR00101.jpg,https://entoun.com/entounstaging/wp-content/uploads/2022/Product1905/C-BR00101.jpg,https://entoun.com/entounstaging/wp-content/uploads/2022/Product1905/D-BR00101.jpg,",,,"Gold Type","Yellow Gold",1,1,,,,,,,,,"Shape","Thin Link",1,1,,,,,"Gold Purity","18K",1,1,,,,,"Size",,"17 CM 18 CM 19 CM",1,1,"Gold Weight  (g)",11.52,1,1,,,,,,,,,,"3,387"
"Simple","BR00037","Yellow Gold Designer Bracelet for Women",1,,"visible","18KT Yellow Gold Designer Bracelet for Women"," <li>18k YELLOW gold  BRACELET FOR WOMEN </li>\n  <li>19 CM</li>\n  <li> Gold Gram total weight 3.99</li>\n</ul>","taxable",1,1,"Gold Jewellery, Gold Jewellery > Women, Gold Jewellery > Women > Bracelet","https://entoun.com/entounstaging/wp-content/uploads/2022/Product1905/A-BR00037.jpg,https://entoun.com/entounstaging/wp-content/uploads/2022/Product1905/B-BR00037.jpg,https://entoun.com/entounstaging/wp-content/uploads/2022/Product1905/C-BR00037.jpg,https://entoun.com/entounstaging/wp-content/uploads/2022/Product1905/D-BR00037.jpg",,,"Gold Type","Yellow Gold",1,1,,,,,,,,,"Shape","Designer",1,1,,,,,"Gold Purity","18K",1,1,,,,,"Size",,"16 CM 17 CM 18 CM 19 CM",1,1,"Gold Weight  (g)",3.99,1,1,,,,,,,,,,"1,173"
"Simple","BR00128","Yellow Gold Silicon band  Bracelet with cross for Men",1,,"visible","18KT Yellow Gold GOLD CROSS  Design Bracelet with Silicon Band"," <li>18k YELLOW gold BRACELET FOR MEN </li>\n  <li>size 19</li>\n  <li> Gold Gram total weight 3.27</li>\n</ul>","taxable",1,1,"Gold Jewellery, Gold Jewellery > Men, Gold Jewellery > Men > Bracelet","https://entoun.com/entounstaging/wp-content/uploads/2022/Product1905/A-BR00128.jpg,https://entoun.com/entounstaging/wp-content/uploads/2022/Product1905/B-BR00128.jpg,https://entoun.com/entounstaging/wp-content/uploads/2022/Product1905/C-BR00128.jpg,https://entoun.com/entounstaging/wp-content/uploads/2022/Product1905/D-BR00128.jpg",,,"Gold Type","Yellow Gold",1,1,,,,,,,,,"Shape","Silicon Band and Cross",1,1,,,,,"Gold Purity","18K",1,1,,,,,"Size",,"21 CM",1,1,"Gold Weight  (g)",3.27,1,1,,,,,,,,,,961
"Simple","BR00043","Yellow Gold Multi Design Bracelet for Women",1,,"visible","18KT Yellow Gold Multi Design Bracelet for Women"," <li>18k YELLOW gold  BRACELET FOR WOMEN </li>\n  <li>19 CM</li>\n  <li> Gold Gram total weight 3.94</li>\n</ul>","taxable",1,1,"Gold Jewellery, Gold Jewellery > Women, Gold Jewellery > Women > Bracelet","https://entoun.com/entounstaging/wp-content/uploads/2022/Product1905/A-BR00043.jpg,https://entoun.com/entounstaging/wp-content/uploads/2022/Product1905/B-BR00043.jpg,https://entoun.com/entounstaging/wp-content/uploads/2022/Product1905/C-BR00043.jpg,https://entoun.com/entounstaging/wp-content/uploads/2022/Product1905/D-BR00043.jpg",,,"Gold Type","Yellow Gold",1,1,,,,,,,,,"Shape","Designer",1,1,,,,,"Gold Purity","18K",1,1,,,,,"Size",,"17 CM 18 CM 19 CM",1,1,"Gold Weight  (g)",4.94,1,1,,,,,,,,,,"1,452"
"Simple","BR00031","Yellow Gold Bracelet for Men",1,,"visible","18KT Yellow Gold Bracelet for Men"," <li>18k YELLOW gold BRACELET FOR MEN </li>\n  <li>21CM </li>\n  <li> Gold Gram total weight 3.27</li>\n</ul>","taxable",1,1,"Gold Jewellery, Gold Jewellery > Men, Gold Jewellery > Men > Bracelet","https://entoun.com/entounstaging/wp-content/uploads/2022/Product1905/A-BR00031.jpg,https://entoun.com/entounstaging/wp-content/uploads/2022/Product1905/B-BR00031.jpg,https://entoun.com/entounstaging/wp-content/uploads/2022/Product1905/C-BR00031.jpg",,,"Gold Type","Yellow Gold",1,1,,,,,,,,,"Shape","Big Link",1,1,,,,,"Gold Purity","18K",1,1,,,,,"Size",,"17 CM 18 CM 19 CM 20 CM 21 CM",1,1,"Gold Weight  (g)",25.06,1,1,,,,,,,,,,"7,368"
"Simple","BR00094","Yellow Gold Bracelet UNISEX",1,,"visible","18KT YELLOW GOLD BRACELET FOR UNISEX"," <li>18k YELLOW gold BRACELET FOR MEN </li>\n  <li>21CM </li>\n  <li> Gold Gram total weight 8.69</li>\n</ul>","taxable",1,1,"Gold Jewellery, Gold Jewellery > Men, Gold Jewellery > Men > Bracelet, Gold Jewellery, Gold Jewellery > Women, Gold Jewellery > Women >  Bracelet","https://entoun.com/entounstaging/wp-content/uploads/2022/Product1905/A-BR00094.jpg,https://entoun.com/entounstaging/wp-content/uploads/2022/Product1905/B-BR00094.jpg,https://entoun.com/entounstaging/wp-content/uploads/2022/Product1905/C-BR00094.jpg,https://entoun.com/entounstaging/wp-content/uploads/2022/Product1905/D-BR00094.jpg",,,"Gold Type","Yellow Gold",1,1,,,,,,,,,"Shape","Square Link",1,1,,,,,"Gold Purity","18K",1,1,,,,,"Size",,"16 CM 17 CM 18 CM 19 CM 20 CM 21 CM",1,1,"Gold Weight  (g)",8.96,1,1,,,,,,,,,,"2,634"
"Simple","CH00029","Yellow Gold Chain for Men",1,,"visible","18KT YELLOW GOLD CHAIN FOR MEN"," <li>18k YELLOW gold BRACELET FOR MEN </li>\n  <li>size medium</li>\n  <li> Gold Gram total weight 25.62</li>\n</ul>","taxable",1,1,"Gold Jewellery, Gold Jewellery > Men, Gold Jewellery > Men > Chains","https://entoun.com/entounstaging/wp-content/uploads/2022/Product1905/A-CH000029.jpg,https://entoun.com/entounstaging/wp-content/uploads/2022/Product1905/B-CH000029.jpg,https://entoun.com/entounstaging/wp-content/uploads/2022/Product1905/C-CH000029.jpg,https://entoun.com/entounstaging/wp-content/uploads/2022/Product1905/D-CH000029.jpg",,,"Gold Type","Yellow Gold",1,1,,,,,,,,,"Shape","Thin Link",1,1,,,,,"Gold Purity","18K",1,1,,,,,"Size",,"19 CM 20 CM 21 CM 22 CM 23 CM",1,1,"Gold Weight  (g)",25.62,1,1,,,,,,,,,,"7,532"
"Simple","DR00203","Rose Gold Diamond RING with sapphire",1,,"visible","18 Kt rose gold diamond ring with sapphire"," <li>18k Rose gold Diamond Ring for women </li>\n  <li>size 53 </li>\n  <li> Di.0.52 Gold Gram total weight 6.86 Other stone 1.48 cat</li>\n</ul>","taxable",1,1,"Diamond Jewellery, Diamond Jewellery > Women, Diamond Jewellery > Women > Rings","https://entoun.com/entounstaging/wp-content/uploads/2022/Product1905/A-DR00203.jpg,https://entoun.com/entounstaging/wp-content/uploads/2022/Product1905/B-DR00203.jpg,https://entoun.com/entounstaging/wp-content/uploads/2022/Product1905/C-DR00203.jpg,https://entoun.com/entounstaging/wp-content/uploads/2022/Product1905/D-DR00203.jpg,https://entoun.com/entounstaging/wp-content/uploads/2022/Product1905/E-DR00203.jpg",,,"Gold Type","Rose Gold",1,1,"Diamond Cut/Clearity","vs-si clearity H diamond",1,1,,,,,,,,,,,,,"Gold Purity","18K",1,1,"Stone","Color Stone",1,1,"Size",,"50 MM 51 MM 52 MM 53 MM 54 MM 55 MM 56 MM",1,1,"Gold Weight  (g)",6.86,1,1,"Diamond Carat (Cts)",0.52,1,1,"Sapphire (Cts)",1.18,1,1,"7,000","7,778"
"Simple","BR00036","Yellow Gold Bracelet for Men",1,,"visible","18KT Yellow Gold Bracelet for Men"," <li>18k YELLOW gold BRACELET FOR MEN </li>\n  <li>21CM BIG</li>\n  <li> Gold Gram total weight 25.06</li>\n</ul>","taxable",1,1,"Gold Jewellery, Gold Jewellery > Men, Gold Jewellery > Men > Bracelet","https://entoun.com/entounstaging/wp-content/uploads/2022/Product1905/A-BR00036.jpg,https://entoun.com/entounstaging/wp-content/uploads/2022/Product1905/B-BR00036.jpg,https://entoun.com/entounstaging/wp-content/uploads/2022/Product1905/C-BR00036.jpg,https://entoun.com/entounstaging/wp-content/uploads/2022/Product1905/D-BR00036.jpg",,,"Gold Type","Yellow Gold",1,1,,,,,,,,,"Shape","Thin Link",1,1,,,,,"Gold Purity","18K",1,1,,,,,"Size",,"17 CM 18 CM 19 CM 20 CM",1,1,"Gold Weight  (g)",25.06,1,1,,,,,,,,,,"7,368"
"Simple","DE00180","White Gold Diamond Hoop Earring for Women",1,,"visible","18KT White Gold Hoops Earring for women"," <li>18k WHITE gold EARING FOR WOMEN </li>\n  <li>Size Medium </li>\n  <li>DI.0.88 Carat Gold Gram total weight 3.68</li>\n</ul>","taxable",1,1,"Diamond Jewellery, Diamond Jewellery > Women, Diamond Jewellery > Women > Earrings","https://entoun.com/entounstaging/wp-content/uploads/2022/Product1905/A-DE00180.jpg,https://entoun.com/entounstaging/wp-content/uploads/2022/Product1905/B-DE00180.jpg,https://entoun.com/entounstaging/wp-content/uploads/2022/Product1905/C-DE00180.jpg,https://entoun.com/entounstaging/wp-content/uploads/2022/Product1905/D-DE00180.jpg",,,"Gold Type","White Gold",1,1,"Diamond Cut/Clearity","vs-si clearity H diamond",1,1,,,,,"Shape","Hoop Shape",1,1,,,,,"Gold Purity","18K",1,1,,,,,"Size",,"Mini Medium Large",1,1,"Gold Weight  (g)",3.68,1,1,"Diamond Carat (Cts)",0.88,1,1,,,,,"5,420","6,022"
"Simple","DE00181","Rose Gold Diamond Hoop Earring for Women",1,,"visible","18KT Rose Gold HOOPS ROSE GOLD DIAMOND EARING FOR WOMAN"," <li>18k ROSE gold EARING FOR WOMEN </li>\n  <li>Size Medium </li>\n  <li>DI.0.85 Carat Gold Gram total weight 3.75</li>\n</ul>","taxable",1,1,"Diamond Jewellery, Diamond Jewellery > Women, Diamond Jewellery > Women > Earrings","https://entoun.com/entounstaging/wp-content/uploads/2022/Product1905/A-DE00181.jpg,https://entoun.com/entounstaging/wp-content/uploads/2022/Product1905/B-DE00181.jpg,https://entoun.com/entounstaging/wp-content/uploads/2022/Product1905/C-DE00181.jpg,https://entoun.com/entounstaging/wp-content/uploads/2022/Product1905/D-DE00181.jpg",,,"Gold Type","Rose Gold",1,1,"Diamond Cut/Clearity","vs-si clearity H diamond",1,1,,,,,"Shape","Hoop Shape",1,1,,,,,"Gold Purity","18K",1,1,,,,,"Size",,"Mini Medium Large",1,1,"Gold Weight  (g)",3.75,1,1,"Diamond Carat (Cts)",0.85,1,1,,,,,"5,368","5,964"
"Simple","DN00071","White Gold Fine Diamond  Pendant Necklace for Women",1,,"visible","18KT WHITE GOLD FINE NECKLACE WITH DIAMONDPENDANT FOR WOMAN"," <li>18k WHITE GOLD FINE NECKLACE WITH DIAMOND FOR WOMEN </li>\n  <li>M </li>\n  <li>DI.0.24 Carat Gold Gram total weight 2.79</li>\n</ul>","taxable",1,1,"Diamond Jewellery, Diamond Jewellery > Women, Diamond Jewellery > Women > Necklace","https://entoun.com/entounstaging/wp-content/uploads/2022/Product1905/A-DN00071.jpg,https://entoun.com/entounstaging/wp-content/uploads/2022/Product1905/B-DN00071.jpg,https://entoun.com/entounstaging/wp-content/uploads/2022/Product1905/C-DN00071.jpg,https://entoun.com/entounstaging/wp-content/uploads/2022/Product1905/D-DN00071.jpg",,,"Gold Type","White Gold",1,1,"Diamond Cut/Clearity","vs-si clearity H diamond",1,1,,,,,,,,,,,,,"Gold Purity","18K",1,1,,,,,"Size",,"Mini Medium Large",1,1,"Gold Weight  (g)",2.79,1,1,"Diamond Carat (Cts)",0.24,1,1,,,,,"2,473","2,748"
"Simple","DN00072","Yellow Gold Crystal bar Diamond Pendant Necklace for Women",1,,"visible","18KT YELLOW GOLD FINE NECKLACE WITH DIAMOND PENDANT FOR WOMAN"," <li>18k Yellow Gold Cystal Bar Diamond Pendant Necklace for Women</li>\n  <li>M </li>\n  <li>DI.0.32 Carat Gold Gram total weight 2.04</li>\n</ul>","taxable",1,1,"Diamond Jewellery, Diamond Jewellery > Women, Diamond Jewellery > Women > Necklace","https://entoun.com/entounstaging/wp-content/uploads/2022/Product1905/A-DN00072.jpg,https://entoun.com/entounstaging/wp-content/uploads/2022/Product1905/B-DN00072.jpg,https://entoun.com/entounstaging/wp-content/uploads/2022/Product1905/C-DN00072.jpg,https://entoun.com/entounstaging/wp-content/uploads/2022/Product1905/D-DN00072.jpg",,,"Gold Type","Yellow Gold",1,1,"Diamond Cut/Clearity","vs-si clearity H diamond",1,1,,,,,"Shape","Crystal Bar",1,1,,,,,"Gold Purity","18K",1,1,,,,,"Size",,"Mini Medium Large",1,1,"Gold Weight  (g)",2.04,1,1,"Diamond Carat (Cts)",0.32,1,1,,,,,"2,148","2,386"
"Simple","DN00078","Yellow Gold Double Double Bar Diamond Pendant  Necklace for Women",1,,"visible","18KT YELLOW GOLD ELEGANT LARIANT STYLE DOUBLE CRYSTL BAR DIAMOND PENDANT NECKLACE FOR WOMAN"," <li>18k YELLOW GOLD LARIANT DOUBLE BAR DIAMOND NECKLACE WITH PENDANT FOR WOMEN </li>\n  <li>M </li>\n  <li>DI.0.59 Carat Gold Gram total weight 3.42</li>\n</ul>","taxable",1,1,"Diamond Jewellery, Diamond Jewellery > Women, Diamond Jewellery > Women > Necklace","https://entoun.com/entounstaging/wp-content/uploads/2022/Product1905/A-DN00078.jpg,https://entoun.com/entounstaging/wp-content/uploads/2022/Product1905/B-DN00078.jpg,https://entoun.com/entounstaging/wp-content/uploads/2022/Product1905/C-DN00078.jpg,https://entoun.com/entounstaging/wp-content/uploads/2022/Product1905/D-DN00078.jpg",,,"Gold Type","Yellow Gold",1,1,"Diamond Cut/Clearity","vs-si clearity H diamond",1,1,,,,,"Shape","Double Bar",1,1,,,,,"Gold Purity","18K",1,1,,,,,"Size",,"Mini Medium Large",1,1,"Gold Weight  (g)",3.42,1,1,"Diamond Carat (Cts)",0.59,1,1,,,,,"4,099","4,554"
"Simple","DN00080","White Gold Sparkle Bar Diamond Pendant Necklace for Women",1,,"visible","18KT WHITE GOLD SPARKLE BAR DROP DIAMOND PENDANT NECKLACE FOR WOMAN"," <li>18k White Gold Sparkle Bar Diamond Pendant Necklace for Women </li>\n  <li>M </li>\n  <li>DI.0.80 Carat Gold Gram total weight 3.46</li>\n</ul>","taxable",1,1,"Diamond Jewellery, Diamond Jewellery > Women, Diamond Jewellery > Women > Necklace","https://entoun.com/entounstaging/wp-content/uploads/2022/Product1905/A-DN00080.jpg,https://entoun.com/entounstaging/wp-content/uploads/2022/Product1905/B-DN00080.jpg,https://entoun.com/entounstaging/wp-content/uploads/2022/Product1905/C-DN00080.jpg,https://entoun.com/entounstaging/wp-content/uploads/2022/Product1905/D-DN00080.jpg",,,"Gold Type","White Gold",1,1,"Diamond Cut/Clearity","vs-si clearity H diamond",1,1,,,,,"Shape","Sparkle Bar",1,1,,,,,"Gold Purity","18K",1,1,,,,,"Size",,"Mini Medium Large",1,1,"Gold Weight  (g)",3.46,1,1,"Diamond Carat (Cts)",0.8,1,1,,,,,"4,685","5,205"
"Simple","DR00185","White Gold Custom Cut Diamond Ring for Women",1,,"visible","18KT WHITE GOLD  CUSTOM CUT DIAMOND RING FOR WOMAN"," <li>18k WHITE GOLD CUSTOM CUT DIAMOND RING FOR WOMEN </li>\n  <li>size 54</li>\n  <li>DI.0.80 Carat Gold Gram total weight 3.46</li>\n</ul>","taxable",1,1,"Diamond Jewellery, Diamond Jewellery > Women, Diamond Jewellery > Women > Rings","https://entoun.com/entounstaging/wp-content/uploads/2022/Product1905/A-DR00185.jpg,https://entoun.com/entounstaging/wp-content/uploads/2022/Product1905/B-DR00185.jpg,https://entoun.com/entounstaging/wp-content/uploads/2022/Product1905/C-DR00185.jpg,https://entoun.com/entounstaging/wp-content/uploads/2022/Product1905/D-DR00185.jpg",,,"Gold Type","White Gold",1,1,"Diamond Cut/Clearity","vs-si clearity H diamond",1,1,,,,,,,,,,,,,"Gold Purity","18K",1,1,,,,,"Size",,"51 MM 52 MM 53 MM 54 MM 55 MM 56 MM 57 MM",1,1,"Gold Weight  (g)",3.21,1,1,"Diamond Carat (Cts)",0.68,1,1,,,,,"4,664","5,182"
"Simple","DR00187","White Gold Diamond Ring for Men",1,,"visible","18 KT WHITE GOLD DIAMOND RING FOR MEN"," <li>18k WHITE GOLD DIAMOND RING FOR MEN</li>\n  <li>SIZE 63</li>\n  <li>DI.0.78 Carat Gold Gram total weight 11.81</li>\n</ul>","taxable",1,1,"Diamond Jewellery, Diamond Jewellery > Men, Diamond Jewellery > Men > Rings","https://entoun.com/entounstaging/wp-content/uploads/2022/Product1905/A-DR00187.jpg,https://entoun.com/entounstaging/wp-content/uploads/2022/Product1905/B-DR00187.jpg,https://entoun.com/entounstaging/wp-content/uploads/2022/Product1905/C-DR00187.jpg,https://entoun.com/entounstaging/wp-content/uploads/2022/Product1905/C-DR00187.jpg,https://entoun.com/entounstaging/wp-content/uploads/2022/Product1905/D-DR00187.jpg",,,"Gold Type","White Gold",1,1,"Diamond Cut/Clearity","vs-si clearity H diamond",1,1,,,,,,,,,,,,,"Gold Purity","18K",1,1,,,,,"Size",,"60 MM 61 MM 62 MM 63 MM 64 MM 65 MM 66 MM",1,1,"Gold Weight  (g)",11.81,1,1,"Diamond Carat (Cts)",0.78,1,1,,,,,"9,398","10,442"
"Simple","DR00190","White Gold Twirling Diamond Ring For Women",1,,"visible","18KT WHITE GOLD TWIRLING DIAMOND RING FOR WOMEN"," <li>18k WHITE GOLD TWIRLING DIAMOND RING FOR WOMEN</li>\n  <li>SIZE55 </li>\n  <li>DI.0.75 Carat Gold Gram total weight 3.53</li>\n</ul>","taxable",1,1,"Diamond Jewellery, Diamond Jewellery > Women, Diamond Jewellery > Women > Rings","https://entoun.com/entounstaging/wp-content/uploads/2022/Product1905/A-DR00190.jpg,https://entoun.com/entounstaging/wp-content/uploads/2022/Product1905/B-DR00190.jpg,https://entoun.com/entounstaging/wp-content/uploads/2022/Product1905/C-DR00190.jpg,https://entoun.com/entounstaging/wp-content/uploads/2022/Product1905/D-DR00190.jpg",,,"Gold Type","White Gold",1,1,"Diamond Cut/Clearity","vs-si clearity H diamond",1,1,,,,,"Shape","Twirling ",1,1,,,,,"Gold Purity","18K",1,1,,,,,"Size",,"52 MM 53 MM 54 MM 55 MM 56 MM 57 MM 58 MM",1,1,"Gold Weight  (g)",3.53,1,1,"Diamond Carat (Cts)",0.75,1,1,,,,,"4,283","4,759"
"Simple","PN00010","Yellow Gold Cross Pendant UNISEX",1,,"visible","18KT GOLD PENDANT CROSS FOR NECKLACE"," <li>18kT YELLOW GOLD PENDANT FOR NECKLCAE</li>\n  <li>SIZE M </li>\n  <li>Gold Gram total weight 5.15</li>\n</ul>","taxable",1,1,"Gold Jewellery, Gold Jewellery > Men, Gold Jewellery > Men > Pendants, Gold Jewellery, Gold Jewellery > Women, Gold Jewellery > Women > Pendants","https://entoun.com/entounstaging/wp-content/uploads/2022/Product1905/A-PN00010.jpg,https://entoun.com/entounstaging/wp-content/uploads/2022/Product1905/B-PN00010.jpg",,,"Gold Type","Yellow Gold",1,1,,,,,,,,,,,,,"Engraving","Cross",1,1,"Gold Purity","18K",1,1,,,,,"Size",,"30*30 MM",1,1,"Gold Weight  (g)",5.15,1,1,,,,,,,,,,"1,514"
"Simple","DR00184","Rose Gold Diamond Ring with Saphhire for Women",1,,"visible","18KT Rose Gold Diamond Ring with Saphhire for Women"," <li>18k ROSE GOLD TWIRLING DIAMOND RING FOR WOMEN</li>\n  <li>SIZE 54 </li>\n  <li>DI.1.81 Carat, Gold Gram total weight 6.01</li>\n</ul>","taxable",1,1,"Diamond Jewellery, Diamond Jewellery > Women, Diamond Jewellery > Women > Rings","https://entoun.com/entounstaging/wp-content/uploads/2022/Product1905/A-DR00184.jpg,https://entoun.com/entounstaging/wp-content/uploads/2022/Product1905/B-DR00184.jpg,https://entoun.com/entounstaging/wp-content/uploads/2022/Product1905/C-DR00184.jpg,https://entoun.com/entounstaging/wp-content/uploads/2022/Product1905/D-DR00184.jpg",,,"Gold Type","Rose Gold",1,1,"Diamond Cut/Clearity","vs-si clearity H diamond",1,1,,,,,,,,,,,,,"Gold Purity","18K",1,1,"Stone","Color Stone",1,1,"Size",,"51 MM 52 MM 53 MM 54 MM 55 MM 56 MM 57 MM",1,1,"Gold Weight  (g)",6.01,1,1,"Diamond Carat (Cts)",1.18,1,1,,,,,"7,794","8,660"
"Simple","DR00154","Yellow Gold Diamond Ring for Men",1,,"visible","18 YELLOW GOLD DIAMOND RING FOR MEN"," <li>18k Yellow Gold Diamond Ring for Men</li>\n  <li>SIZE 63 </li>\n  <li>DI.1.02 Carat, Gold Gram total weight 8.32</li>\n</ul>","taxable",1,1,"Diamond Jewellery, Diamond Jewellery > Men, Diamond Jewellery > Men > Rings","https://entoun.com/entounstaging/wp-content/uploads/2022/Product1905/A-DR00154.jpg,https://entoun.com/entounstaging/wp-content/uploads/2022/Product1905/B-DR00154.jpg,https://entoun.com/entounstaging/wp-content/uploads/2022/Product1905/C-DR00154.jpg,https://entoun.com/entounstaging/wp-content/uploads/2022/Product1905/D-DR00154.jpg",,,"Gold Type","Yellow Gold",1,1,"Diamond Cut/Clearity","vs-si clearity H diamond",1,1,,,,,,,,,,,,,"Gold Purity","18K",1,1,,,,,"Size",,"60 MM 61 MM 62 MM 63 MM 64 MM 65 MM 66 MM",1,1,"Gold Weight  (g)",8.32,1,1,"Diamond Carat (Cts)",1.02,1,1,,,,,"7,374","8,193"
"Simple","DB00018","Yellow Gold Triple Row Diamond Bracelet for Women",1,,"visible","18kT YELLOW gold TRIPLE ROW  brilliant diamond Bracelet"," <li>18k YELLOW gold TRIPLE ROW DIAMOND BRACELET FOR WOMEN </li>\n  <li>18.00 CM </li>\n  <li>Diamond 4.70 carrat Gold Gram total weight 17.71</li>\n</ul>","taxable",1,1,"Diamond Jewellery, Diamond Jewellery > Women, Diamond Jewellery > Women > Bracelet","https://entoun.com/entounstaging/wp-content/uploads/2022/Product1905/A-DB00018.jpg,https://entoun.com/entounstaging/wp-content/uploads/2022/Product1905/B-DB00018.jpg",,,"Gold Type","Yellow Gold",1,1,"Diamond Cut/Clearity","vs-si clearity H diamond",1,1,,,,,"Shape","Diamond Link",1,1,,,,,"Gold Purity","18K",1,1,,,,,"Size",,"16 CM 17 CM 18 CM",1,1,"Gold Weight  (g)",17.71,1,1,"Diamond Carat (Cts)",4.7,1,1,,,,,"25,253","28,059"
"Simple","DR00157","Yellow Gold Heart Shape Diamond Ring for Women",1,,"visible","18KT YELLOW GOLD DIAMOND RING HEART SHAPE FOR WOMEN"," <li>18k YELLOW gold HEART SHAPE DIAMOND RING FOR WOMEN </li>\n  <li> </li>\SIZE 55<li>Diamond 0.86 carrat Gold Gram total weight 3.10</li>\n</ul>","taxable",1,1,"Diamond Jewellery, Diamond Jewellery > Women, Diamond Jewellery > Women > Rings","https://entoun.com/entounstaging/wp-content/uploads/2022/Product1905/A-DR00157.jpg,https://entoun.com/entounstaging/wp-content/uploads/2022/Product1905/B-DR00157.jpg",,,"Gold Type","Yellow Gold",1,1,"Diamond Cut/Clearity","vs-si clearity H diamond",1,1,,,,,"Shape","Heart Shape",1,1,,,,,"Gold Purity","18K",1,1,,,,,"Size",,"52 MM 53 MM 54 MM 55 MM 56 MM 57 MM 58 MM",1,1,"Gold Weight  (g)",3.7,1,1,"Diamond Carat (Cts)",0.86,1,1,,,,,"4,834","5,371"
"Simple","DE00149","White Gold Diamond Earring for women",1,,"visible","18KT WHITE GOLD EARING FOR WOMAN"," <li>18k WHITE  DIAMOND EARRING FOR WOMEN </li>\n  <li> </li>\SIZE M <li>Diamond 1.37 carrat Gold Gram total weight 3.70</li>\n</ul>","taxable",1,1,"Diamond Jewellery, Diamond Jewellery > Women, Diamond Jewellery > Women > Earrings","https://entoun.com/entounstaging/wp-content/uploads/2022/Product1905/A-DE00149.jpg,https://entoun.com/entounstaging/wp-content/uploads/2022/Product1905/B-DE00149.jpg",,,"Gold Type","White Gold",1,1,"Diamond Cut/Clearity","vs-si clearity H diamond",1,1,,,,,,,,,,,,,"Gold Purity","18K",1,1,,,,,"Size",,"Mini Medium Large",1,1,"Gold Weight  (g)",3.7,1,1,"Diamond Carat (Cts)",1.37,1,1,,,,,"7,333","8,148"
"Simple","DP00167","White Gold Diamond Heart Pendant for women",1,,"visible","18KT YELLOW GOLD HEART SHAPE PENDANT"," <li>18k WHITE  DIAMOND EARRING FOR WOMEN </li>\n  <li> </li>\SIZE M <li>Diamond 0.67 carrat Gold Gram total weight 3.33</li>\n</ul>","taxable",1,1,"Diamond Jewellery, Diamond Jewellery > Women, Diamond Jewellery > Women > Pendants","https://entoun.com/entounstaging/wp-content/uploads/2022/Product1905/A-DP00167.jpg",,,"Gold Type","White Gold",1,1,"Diamond Cut/Clearity","vs-si clearity H diamond",1,1,,,,,"Shape","Heart Shape",1,1,,,,,"Gold Purity","18K",1,1,,,,,"Size",,"Mini Medium Large",1,1,"Gold Weight  (g)",3.33,1,1,"Diamond Carat (Cts)",0.67,1,1,,,,,"4,243","4,714"
"Simple","DR00138","Yellow Gold Diamond Square Face Ring for Women",1,,"visible","18KT YELLOW GOLD SQURE CUT DIAMOND RING"," <li>18k YELLOW GOLD DIAMOND EARRING FOR WOMEN </li>\n  <li> </li>\SIZE 55 <li>Diamond 0.84 carrat Gold Gram total weight 3.16</li>\n</ul>","taxable",1,1,"Diamond Jewellery, Diamond Jewellery > Women, Diamond Jewellery > Women > Rings","https://entoun.com/entounstaging/wp-content/uploads/2022/Product1905/A-DR00138.jpg,https://entoun.com/entounstaging/wp-content/uploads/2022/Product1905/B-DR00138.jpg",,,"Gold Type","Yellow Gold",1,1,"Diamond Cut/Clearity","vs-si clearity H diamond",1,1,,,,,"Shape","Square Shape",1,1,,,,,"Gold Purity","18K",1,1,,,,,"Size",,"52 MM 53 MM 54 MM 55 MM 56 MM 57 MM 58 MM",1,1,"Gold Weight  (g)",3.16,1,1,"Diamond Carat (Cts)",0.84,1,1,,,,,"4,458","4,953"
"Simple","DE00142","Yellow Gold Square Face Diamond Earring for Women",1,,"visible","18KT YELLOW GOLD DIAMOND EARING"," <li>18k YELLOW GOLD SQURE FACE DIAMOND EARRING FOR WOMEN </li>\n  <li> </li>\SIZE M <li>Diamond 1.31 carrat Gold Gram total weight 4.17</li>\n</ul>","taxable",1,1,"Diamond Jewellery, Diamond Jewellery > Women, Diamond Jewellery > Women > Earrings","https://entoun.com/entounstaging/wp-content/uploads/2022/Product1905/A-DE00142.jpg,https://entoun.com/entounstaging/wp-content/uploads/2022/Product1905/B-DE00142.jpg",,,"Gold Type","Yellow Gold",1,1,"Diamond Cut/Clearity","vs-si clearity H diamond",1,1,,,,,"Shape","Square Shape",1,1,,,,,"Gold Purity","18K",1,1,,,,,"Size",,"Mini Medium Large",1,1,"Gold Weight  (g)",4.17,1,1,"Diamond Carat (Cts)",1.31,1,1,,,,,"6,728","7,476"
"Simple","DP00166","Yellow Gold Square Face Diamond Pendant for Women",1,,"visible","18KT YELLOW GOLD DIAMOND PENDANT SQURE"," <li>18k YELLOW GOLD SQURE FACE DIAMOND PENDANT FOR WOMEN </li>\n  <li> </li>\SIZE M <li>Diamond 0.64 carrat Gold Gram total weight 2.84</li>\n</ul>","taxable",1,1,"Diamond Jewellery, Diamond Jewellery > Women, Diamond Jewellery > Women > Pendants","https://entoun.com/entounstaging/wp-content/uploads/2022/Product1905/A-DP00166.jpg",,,"Gold Type","Yellow Gold",1,1,"Diamond Cut/Clearity","vs-si clearity H diamond",1,1,,,,,"Shape","Square Shape",1,1,,,,,"Gold Purity","18K",1,1,,,,,"Size",,"Mini Medium Large",1,1,"Gold Weight  (g)",2.84,1,1,"Diamond Carat (Cts)",0.64,1,1,,,,,"3,627","4,030"
"Simple","BR00085","Yellow Gold Bracelet for Men",1,,"visible","18KT YELLOW GOLD BRACELET FOR MEN"," <li>18k YELLOW GOLD BRACELET FOR MEN </li>\n  <li> </li>\Size 21 CM <li>GoldGram total weight 27.13</li>\n</ul>","taxable",1,1,"Gold Jewellery, Gold Jewellery > Men, Gold Jewellery > Men > Bracelet","https://entoun.com/entounstaging/wp-content/uploads/2022/Product1905/A-BR00085.jpg",,,"Gold Type","Yellow Gold",1,1,,,,,,,,,"Shape","Square Link",1,1,,,,,"Gold Purity","18K",1,1,,,,,"Size",,"19 CM 20 CM 21 CM",1,1,"Gold Weight  (g)",27.13,1,1,,,,,,,,,,"7,976"
"Simple","CH00035","Yellow Gold Chain for Men",1,,"visible","18KT YELLOW GOLD CHAIN FOR MEN"," <li>18k YELLOW GOLD CHAIN FOR MEN </li>\n  <li> </li>\SIZE Medium <li>Gold Gram total weight 79.03</li>\n</ul>","taxable",1,1,"Gold Jewellery, Gold Jewellery > Men, Gold Jewellery > Men > Chains","https://entoun.com/entounstaging/wp-content/uploads/2022/Product1905/A-CH00035.jpg,https://entoun.com/entounstaging/wp-content/uploads/2022/Product1905/B-CH00035.jpg,https://entoun.com/entounstaging/wp-content/uploads/2022/Product1905/C-CH00035.jpg,https://entoun.com/entounstaging/wp-content/uploads/2022/Product1905/D-CH00035.jpg",,,"Gold Type","Yellow Gold",1,1,,,,,,,,,"Shape","Square Link",1,1,,,,,"Gold Purity","18K",1,1,,,,,"Size",,"24 CM 25 CM 26 CM 27 CM 28 CM 29 CM",1,1,"Gold Weight  (g)",79.03,1,1,,,,,,,,,,"23,235"
"Simple","BR00095","Yellow Gold Bracelet for Men",1,,"visible","18 KT YELLOW GOLD BRACELET FOR MEN"," <li>18k YELLOW GOLD BRACELET  FOR MEN </li>\n  <li> </li>\SIZE 19 <li>Gold Gram total weight 30.44</li>\n</ul>","taxable",1,1,"Gold Jewellery, Gold Jewellery > Men, Gold Jewellery > Men > Bracelet","https://entoun.com/entounstaging/wp-content/uploads/2022/Product1905/A-BR00095.jpg,https://entoun.com/entounstaging/wp-content/uploads/2022/Product1905/B-BR00095.jpg",,,"Gold Type","Yellow Gold",1,1,,,,,,,,,"Shape","Big Link",1,1,,,,,"Gold Purity","18K",1,1,,,,,"Size",,"19 CM 20 CM 21 CM",1,1,"Gold Weight  (g)",30.44,1,1,,,,,,,,,,"8,949"
"Simple","CH00028","Yellow Gold Chain for Men",1,,"visible","18KT YELLOW GOLD BIG CHAIN FOR MEN"," <li>18k YELLOW GOLD BIG CHAIN FOR MEN </li>\n  <li> </li>\SIZE large<li>Gold Gram total weight 80.09</li>\n</ul>","taxable",1,1,"Gold Jewellery, Gold Jewellery > Men, Gold Jewellery > Men > Chains","https://entoun.com/entounstaging/wp-content/uploads/2022/Product1905/A-CH00028.jpg",,,"Gold Type","Yellow Gold",1,1,,,,,,,,,"Shape","Large Link",1,1,,,,,"Gold Purity","18K",1,1,,,,,"Size",,"24 CM 25 CM 26 CM 27 CM 28 CM 29 CM",1,1,"Gold Weight  (g)",80.09,1,1,,,,,,,,,,"23,546"
"Simple","BR00104","Yellow Gold Bracelet for Men",1,,"visible","18KT YELLOW GOLD BRACELLET FOR MEN"," <li>18k YELLOW GOLD BRACELET  FOR MEN </li>\n  <li> </li>\SIZE 19 <li>Gold Gram total weight 29.44</li>\n</ul>","taxable",1,1,"Gold Jewellery, Gold Jewellery > Men, Gold Jewellery > Men > Bracelet","https://entoun.com/entounstaging/wp-content/uploads/2022/Product1905/A-BR00104.jpg,https://entoun.com/entounstaging/wp-content/uploads/2022/Product1905/B-BR00104.jpg",,,"Gold Type","Yellow Gold",1,1,,,,,,,,,"Shape","Big Link",1,1,,,,,"Gold Purity","18K",1,1,,,,,"Size",,"19 CM 20 CM 21 CM",1,1,"Gold Weight  (g)",29.44,1,1,,,,,,,,,,"8,655"
"Simple","CH00051","Yellow Gold Chain for Men",1,,"visible","18KT YELLOW GOLD CHAIN FOR MEN"," <li>18k YELLOW GOLD BIG CHAIN FOR MEN </li>\n  <li> </li>\SIZE large<li>Gold Gram total weight 64.98</li>\n</ul>","taxable",1,1,"Gold Jewellery, Gold Jewellery > Men, Gold Jewellery > Men > Chains","https://entoun.com/entounstaging/wp-content/uploads/2022/Product1905/A-CH00051.jpg",,,"Gold Type","Yellow Gold",1,1,,,,,,,,,"Shape","Big Link",1,1,,,,,"Gold Purity","18K",1,1,,,,,"Size",,"21 CM 22 CM 23 CM 24 CM",1,1,"Gold Weight  (g)",64.98,1,1,,,,,,,,,,"19,104"
"Simple","BR00108","Yellow Gold Bracelet for Men",1,,"visible","18KT YELLOW GOLD BRACELLET FOR MEN"," <li>18k YELLOW GOLD BRACELET  FOR MEN </li>\n  <li> </li>\SIZE 19 <li>Gold Gram total weight 16.03</li>\n</ul>","taxable",1,1,"Gold Jewellery, Gold Jewellery > Men, Gold Jewellery > Men > Bracelet","https://entoun.com/entounstaging/wp-content/uploads/2022/Product1905/A-BR00108.jpg,https://entoun.com/entounstaging/wp-content/uploads/2022/Product1905/B-BR00108.jpg",,,"Gold Type","Yellow Gold",1,1,,,,,,,,,"Shape","Thin Link",1,1,,,,,"Gold Purity","18K",1,1,,,,,"Size",,"19 CM 20 CM 21 CM",1,1,"Gold Weight  (g)",16.03,1,1,,,,,,,,,,"4,713"
"Simple","CH00032","Yellow Gold Chain for Men",1,,"visible","18KT YELLOW GOLD CHAIN FOR MEN"," <li>18k YELLOW GOLD BIG CHAIN FOR MEN </li>\n  <li> size Large</li>\<li>Gold Gram total weight 44.67</li>\n</ul>","taxable",1,1,"Gold Jewellery, Gold Jewellery > Men, Gold Jewellery > Men > Chains","https://entoun.com/entounstaging/wp-content/uploads/2022/Product1905/A-CH00032.jpg",,,"Gold Type","Yellow Gold",1,1,,,,,,,,,"Shape","Thin Link",1,1,,,,,"Gold Purity","18K",1,1,,,,,"Size",,"21 CM 22 CM 23 CM 24 CM 25 CM 26 CM 27 CM 28 CM",1,1,"Gold Weight  (g)",44.67,1,1,,,,,,,,,,"13,133"
"Simple","DP00143","White Gold Diamond Pendant for women",1,,"visible","18KT WHITE GOLD DIAMOND PENDANT  NECKLACE FOR WOMAN"," <li>18k WHITE GOLD  DIAMOND PENDANT FOR NECKLACE WOMEN </li>\n  <li>M </li>\n  <li>DI.1.41 Carat Gold Gram total weight 2.69</li>\n</ul>","taxable",1,1,"Diamond Jewellery, Diamond Jewellery > Women, Diamond Jewellery > Women > Pendants","https://entoun.com/entounstaging/wp-content/uploads/2022/Product1905/A-DP00143.jpg,https://entoun.com/entounstaging/wp-content/uploads/2022/Product1905/B-DP00143.jpg",,,"Gold Type","White Gold",1,1,"Diamond Cut/Clearity","vs-si clearity H diamond",1,1,,,,,,,,,,,,,"Gold Purity","18K",1,1,,,,,"Size",,"Mini Medium Large",1,1,"Gold Weight  (g)",2.69,1,1,"Diamond Carat (Cts)",1.41,1,1,,,,,"7,210","8,012"
"Simple","DP00168","Yellow Gold Leaf Diamond Pendant fro Women",1,,"visible","18KT YELLOW GOLD DAIMOND  LEAF PENDANT FOR NECKLACE"," <li>18k YELLOW GOLD  DIAMOND LEAF PENDANT FOR  WOMEN </li>\n  <li>M </li>\n  <li>DI.0.59 Carat Gold Gram total weight 3.02</li>\n</ul>","taxable",1,1,"Diamond Jewellery, Diamond Jewellery > Women, Diamond Jewellery > Women > Pendants","https://entoun.com/entounstaging/wp-content/uploads/2022/Product1905/A-DP00168.jpg",,,"Gold Type","Yellow Gold",1,1,"Diamond Cut/Clearity","vs-si clearity H diamond",1,1,,,,,"Shape","Leaf Shape",1,1,,,,,"Gold Purity","18K",1,1,,,,,"Size",,"Mini Medium Large",1,1,"Gold Weight  (g)",3.02,1,1,"Diamond Carat (Cts)",0.59,1,1,,,,,"3,552","3,947"
"Simple","DR00174","Yellow Gold Diamond Wedding Ring for Women",1,,"visible","18KT YELLOW GOLD DIAMOND WEDDING RING FOR WOMEN"," <li>18k YELLOW GOLD DIAMOND RING FOR  WOMEN </li>\n  <li>SIZE 54 </li>\n  <li>DI.0.86 Carat Gold Gram total weight 3.02</li>\n</ul>","taxable",1,1,"Diamond Jewellery, Diamond Jewellery > Women, Diamond Jewellery > Women > Rings","https://entoun.com/entounstaging/wp-content/uploads/2022/Product1905/A-DR00174.jpg,https://entoun.com/entounstaging/wp-content/uploads/2022/Product1905/B-DR00174.jpg,https://entoun.com/entounstaging/wp-content/uploads/2022/Product1905/C-DR00174.jpg,https://entoun.com/entounstaging/wp-content/uploads/2022/Product1905/D-DR00174.jpg",,,"Gold Type","Yellow Gold",1,1,"Diamond Cut/Clearity","vs-si clearity H diamond",1,1,,,,,,,,,,,,,"Gold Purity","18K",1,1,,,,,"Size",,"51 MM 52 MM 53 MM 54 MM 55 MM 56 MM 57 MM",1,1,"Gold Weight  (g)",3.02,1,1,"Diamond Carat (Cts)",0.86,1,1,,,,,"4,467","4,964"
"Simple","DR00127","White Gold Diamond Ring for women",1,,"visible","18KT WHITE GOLD DIAMOND RING"," <li>18k WHITE  GOLD DIAMOND RING FOR  WOMEN </li>\n  <li>SIZE 55</li>\n  <li>DI.0.78 Carat Gold Gram total weight 2.76</li>\n</ul>","taxable",1,1,"Diamond Jewellery, Diamond Jewellery > Women, Diamond Jewellery > Women > Rings","https://entoun.com/entounstaging/wp-content/uploads/2022/Product1905/A-DR00127.jpg,https://entoun.com/entounstaging/wp-content/uploads/2022/Product1905/B-DR00127.jpg",,,"Gold Type","White Gold",1,1,"Diamond Cut/Clearity","vs-si clearity H diamond",1,1,,,,,,,,,,,,,"Gold Purity","18K",1,1,,,,,"Size",,"52 MM 53 MM 54 MM 55 MM 56 MM 57 MM 58 MM",1,1,"Gold Weight  (g)",2.76,1,1,"Diamond Carat (Cts)",0.78,1,1,,,,,"3,948","4,386"
"Simple","DE00167","Yellow Gold Diamond Earring",1,,"visible","18KT Yellow Gold Diamond Earring"," <li>18k YELLOW  GOLD DIAMOND EARRING FOR  WOMEN </li>\n  <li>SIZE MEDIUM </li>\n  <li>DI.1.72 Carat Gold Gram total weight 4.15</li>\n</ul>","taxable",1,1,"Diamond Jewellery, Diamond Jewellery > Women, Diamond Jewellery > Women > Earrings","https://entoun.com/entounstaging/wp-content/uploads/2022/Product1905/A-DE00167.jpg,https://entoun.com/entounstaging/wp-content/uploads/2022/Product1905/B-DE00167.jpg",,,"Gold Type","Yellow Gold",1,1,"Diamond Cut/Clearity","vs-si clearity H diamond",1,1,,,,,,,,,,,,,"Gold Purity","18K",1,1,,,,,"Size",,"Mini Medium Large",1,1,"Gold Weight  (g)",4.15,1,1,"Diamond Carat (Cts)",1.72,1,1,,,,,"8,451","9,390"
"Simple","DR00176","Yellow Gold Diamond Ring for Women",1,,"visible","18KT YELLOW GOLD DIAMOND RING FOR WOMAN"," <li>18k YELLOW  GOLD DIAMOND RING FOR  WOMEN </li>\n  <li>SIZE 53</li>\n  <li>DI.1.06 Carat Gold Gram total weight 3.37</li>\n</ul>","taxable",1,1,"Diamond Jewellery, Diamond Jewellery > Women, Diamond Jewellery > Women > Rings","https://entoun.com/entounstaging/wp-content/uploads/2022/Product1905/A-DR00176.jpg,https://entoun.com/entounstaging/wp-content/uploads/2022/Product1905/B-DR00176.jpg,https://entoun.com/entounstaging/wp-content/uploads/2022/Product1905/C-DR00176.jpg,https://entoun.com/entounstaging/wp-content/uploads/2022/Product1905/D-DR00176.jpg",,,"Gold Type","Yellow Gold",1,1,"Diamond Cut/Clearity","vs-si clearity H diamond",1,1,,,,,,,,,,,,,"Gold Purity","18K",1,1,,,,,"Size",,"51 MM 52 MM 53 MM 54 MM 55 MM 56 MM 57 MM",1,1,"Gold Weight  (g)",3.37,1,1,"Diamond Carat (Cts)",1.06,1,1,,,,,"5,481","6,090"
"Simple","DP00170","Yellow Gold Diamond Pendant for Women",1,,"visible","18KT YELLOW GOLD DIAMOND PENDANT"," <li>18k YELLOW  GOLD DIAMOND PENDANT FOR  WOMEN </li>\n  <li>SIZE M </li>\n  <li>DI.0.87Carat Gold Gram total weight 2.85</li>\n</ul>","taxable",1,1,"Diamond Jewellery, Diamond Jewellery > Women, Diamond Jewellery > Women > Pendants","https://entoun.com/entounstaging/wp-content/uploads/2022/Product1905/A-DP00170.jpg",,,"Gold Type","Yellow Gold",1,1,"Diamond Cut/Clearity","vs-si clearity H diamond",1,1,,,,,,,,,,,,,"Gold Purity","18K",1,1,,,,,"Size",,"Mini Medium Large",1,1,"Gold Weight  (g)",2.85,1,1,"Diamond Carat (Cts)",0.87,1,1,,,,,"4,563","5,070"
"Simple","DP00146","White Gold Diamond wedding  Pendant  for women",1,,"visible","18KT WHITE GOLD DIAMOND WEDDING SET PENDANT  FOR WOMAN"," <li>18k WHITE  GOLD DIAMOND PENDANT FOR  WOMEN </li>\n  <li>SIZE M </li>\n  <li>DI.0.64 Carat Gold Gram total weight 3.19 </li>\n</ul>","taxable",1,1,"Diamond Jewellery, Diamond Jewellery > Women, Diamond Jewellery > Women > Pendants","https://entoun.com/entounstaging/wp-content/uploads/2022/Product1905/A-DP00146.jpg",,,"Gold Type","White Gold",1,1,"Diamond Cut/Clearity","vs-si clearity H diamond",1,1,,,,,,,,,,,,,"Gold Purity","18K",1,1,,,,,"Size",,"Mini Medium Large",1,1,"Gold Weight  (g)",3.19,1,1,"Diamond Carat (Cts)",0.64,1,1,,,,,"3,674","4,082"
"Simple","DR00148","White Gold Diamond Wedding Ring for women",1,,"visible","18KT WHITE GOLD DIAMOND WEDDING SET RING  FOR WOMAN"," <li>18k WHITE  Gold Diamond wedding Ring  for women </li>\n  <li>SIZE 55 </li>\n  <li>DI.0.93 Carat Gold Gram total weight 2.79 </li>\n</ul>","taxable",1,1,"Diamond Jewellery, Diamond Jewellery > Women, Diamond Jewellery > Women > Rings","https://entoun.com/entounstaging/wp-content/uploads/2022/Product1905/A-DR00148.jpg,https://entoun.com/entounstaging/wp-content/uploads/2022/Product1905/B-DR00148.jpg",,,"Gold Type","White Gold",1,1,"Diamond Cut/Clearity","vs-si clearity H diamond",1,1,,,,,,,,,,,,,"Gold Purity","18K",1,1,,,,,"Size",,"52 MM 53 MM 54 MM 55 MM 56 MM 57 MM 58 MM",1,1,"Gold Weight  (g)",2.79,1,1,"Diamond Carat (Cts)",0.93,1,1,,,,,"4,579","5,087"
"Simple","DE00173","Yellow Gold Diamond Engagement Earring for women",1,,"visible","18KT YELLOW GOLD DIAMOND EARING FOR WOMAN"," <li>18k YELLOW  GOLD DIAMOND ENGAGEMENT EARING FOR WOMEN </li>\n  <li>SIZE M  </li>\n  <li>DI.0.98 Carat Gold Gram total weight 6.46 </li>\n</ul>","taxable",1,1,"Diamond Jewellery, Diamond Jewellery > Women, Diamond Jewellery > Women > Earrings","https://entoun.com/entounstaging/wp-content/uploads/2022/Product1905/A-DE00173.jpg,https://entoun.com/entounstaging/wp-content/uploads/2022/Product1905/B-DE00173.jpg",,,"Gold Type","Yellow Gold",1,1,"Diamond Cut/Clearity","vs-si clearity H diamond",1,1,,,,,,,,,,,,,"Gold Purity","18K",1,1,,,,,"Size",,"Mini Medium Large",1,1,"Gold Weight  (g)",6.46,1,1,"Diamond Carat (Cts)",0.98,1,1,,,,,"6,192","6,880"
"Simple","DE00135","White Gold Diamond Engagement Earring for women",1,,"visible","18KT WHITE GOLD DIAMOND ENGAGEMENT SET EARING"," <li>18k WHITE  GOLD DIAMOND ENGAGEMENT EARRING FOR WOMEN </li>\n  <li>SIZE Medium  </li>\n  <li>DI.1.03 Carat Gold Gram total weight 4.04</li>\n</ul>","taxable",1,1,"Diamond Jewellery, Diamond Jewellery > Women, Diamond Jewellery > Women > Earrings","https://entoun.com/entounstaging/wp-content/uploads/2022/Product1905/A-DE00135.jpg,https://entoun.com/entounstaging/wp-content/uploads/2022/Product1905/B-DE00135.jpg",,,"Gold Type","White Gold",1,1,"Diamond Cut/Clearity","vs-si clearity H diamond",1,1,,,,,,,,,,,,,"Gold Purity","18K",1,1,,,,,"Size",,"Mini Medium Large",1,1,"Gold Weight  (g)",4.04,1,1,"Diamond Carat (Cts)",1.3,1,1,,,,,"6,591","7,324"
"Simple","DR00139","White Gold Diamond Engagement Ring for women",1,,"visible","18KT WHITE GOLD DIAMOND  ENGAGEMENT  RING"," <li>18k WHITE  GOLD DIAMOND ENGAGEMENT RING FOR WOMEN </li>\n  <li>SIZE 54</li>\n  <li>DI.0.43 Carat Gold Gram total weight 1.98 </li>\n</ul>","taxable",1,1,"Diamond Jewellery, Diamond Jewellery > Women, Diamond Jewellery > Women > Rings","https://entoun.com/entounstaging/wp-content/uploads/2022/Product1905/A-DR00139.jpg,https://entoun.com/entounstaging/wp-content/uploads/2022/Product1905/B-DR00139.jpg",,,"Gold Type","White Gold",1,1,"Diamond Cut/Clearity","vs-si clearity H diamond",1,1,,,,,,,,,,,,,"Gold Purity","18K",1,1,,,,,"Size",,"51 MM 52 MM 53 MM 54 MM 55 MM 56 MM 57 MM",1,1,"Gold Weight  (g)",1.98,1,1,"Diamond Carat (Cts)",0.43,1,1,,,,,"2,400","2,667"
"Simple","DR00380","Rose Gold Diamond Saphhire Twirling Ring for Women",1,,"visible","18KT Rose Gold Diamond Saphhire Twirling Ring for Women"," <li>18KT Rose Gold Diamoond Saphhirer Twirling  Ring for Woman </li>\n  <li>SIZE54 </li>\n  <li>DI.1.40 Carat ,Gold Gram total weight 16.06,Other stone 6.83 </li>\n</ul>","taxable",1,1,"Diamond Jewellery, Diamond Jewellery > Women, Diamond Jewellery > Women > Rings","https://entoun.com/entounstaging/wp-content/uploads/2022/Product1905/A-DR00380.jpg,https://entoun.com/entounstaging/wp-content/uploads/2022/Product1905/B-DR00380.jpg,https://entoun.com/entounstaging/wp-content/uploads/2022/Product1905/C-DR00380.jpg,https://entoun.com/entounstaging/wp-content/uploads/2022/Product1905/D-DR00380.jpg,https://entoun.com/entounstaging/wp-content/uploads/2022/Product1905/E-DR00380.jpg,https://entoun.com/entounstaging/wp-content/uploads/2022/Product1905/F-DR00380.jpg,https://entoun.com/entounstaging/wp-content/uploads/2022/Product1905/G-DR00380.jpg,https://entoun.com/entounstaging/wp-content/uploads/2022/Product1905/H-DR00380.jpg,https://entoun.com/entounstaging/wp-content/uploads/2022/Product1905/I-DR00380.jpg,https://entoun.com/entounstaging/wp-content/uploads/2022/Product1905/J-DR00380.jpg,https://entoun.com/entounstaging/wp-content/uploads/2022/Product1905/K-DR00380.jpg",,,"Gold Type","Rose Gold",1,1,"Diamond Cut/Clearity","vs-si clearity H diamond",1,1,,,,,"Shape","Twirling ",1,1,,,,,"Gold Purity","18K",1,1,"Stone","Color Stone",1,1,"Size",,"51 MM 52 MM 53 MM 54 MM 55 MM 56 MM 57 MM",1,1,"Gold Weight  (g)",16.06,1,1,"Diamond Carat (Cts)",1.4,1,1,"Sapphire (Cts)",6.83,1,1,"18,515","20,572"
"Simple","DP00269","Unisex White Gold Diamond Pendant with Sapphire",1,,"visible","18KT White Gold Diamond Pendant with Saphhire and chain"," <li>18k White Gold Diamond Pendant with saphhire for Unisex </li>\n  <li>SIZE Medium  </li>\n  <li>DI.0.78 Carat Gold Gram total weight 8.67 Other stone 2.84 </li>\n</ul>","taxable",1,1,"Diamond Jewellery, Diamond Jewellery > Women, Diamond Jewellery > Women > Pendants","https://entoun.com/entounstaging/wp-content/uploads/2022/Product1905/A-DP00269.jpg,https://entoun.com/entounstaging/wp-content/uploads/2022/Product1905/B-DP00269.jpg",,,"Gold Type","White Gold",1,1,"Diamond Cut/Clearity","vs-si clearity H diamond",1,1,,,,,"Shape","Cross Shape",1,1,,,,,"Gold Purity","18K",1,1,"Stone","Color Stone",1,1,"Size",,"Mini Medium Large",1,1,"Gold Weight  (g)",8.67,1,1,"Diamond Carat (Cts)",0.78,1,1,"Sapphire (Cts)",2.84,1,1,"9,213","10,237"
